{"cameraMode":{"drawMode":0,"name":"Shaded","section":"Shading Mode"},"sceneLighting":false,"audioPlay":false,"sceneViewState":{"showFog":true,"showMaterialUpdate":false,"showSkybox":false,"showFlares":true,"showImageEffects":true,"showParticleSystems":true},"in2DMode":false,"pivot":{"x":-3.335496664047241,"y":0.5888479948043823,"z":30.729999542236329},"rotation":{"x":-0.2618781626224518,"y":-0.36280009150505068,"z":0.10700391978025437,"w":-0.8878964781761169},"size":0.9838694930076599,"orthographic":false}