{"cameraMode":{"drawMode":0,"name":"Shaded","section":"Shading Mode"},"sceneLighting":false,"audioPlay":false,"sceneViewState":{"showFog":true,"showMaterialUpdate":false,"showSkybox":false,"showFlares":true,"showImageEffects":true,"showParticleSystems":true},"in2DMode":false,"pivot":{"x":0.055159106850624087,"y":10.266180038452149,"z":-7.421440124511719},"rotation":{"x":0.04123062267899513,"y":-0.9581913352012634,"z":0.2165951132774353,"w":0.18239882588386537},"size":1.7851836681365967,"orthographic":false}