{"cameraMode":{"drawMode":0,"name":"Shaded","section":"Shading Mode"},"sceneLighting":true,"audioPlay":false,"sceneViewState":{"showFog":true,"showMaterialUpdate":false,"showSkybox":true,"showFlares":true,"showImageEffects":true,"showParticleSystems":true},"in2DMode":false,"pivot":{"x":5.775125980377197,"y":3.0763158798217775,"z":4.046076774597168},"rotation":{"x":0.2682269215583801,"y":-0.10780034214258194,"z":0.03022030182182789,"w":0.9568445682525635},"size":11.414464950561524,"orthographic":false}