{"cameraMode":{"drawMode":0,"name":"Shaded","section":"Shading Mode"},"sceneLighting":false,"audioPlay":false,"sceneViewState":{"showFog":true,"showMaterialUpdate":false,"showSkybox":false,"showFlares":true,"showImageEffects":true,"showParticleSystems":true},"in2DMode":false,"pivot":{"x":0.3787274956703186,"y":-0.4772550165653229,"z":-0.0790366530418396},"rotation":{"x":-0.22517327964305879,"y":-0.42834386229515078,"z":0.11111245304346085,"w":-0.8680370450019836},"size":2.9660279750823976,"orthographic":false}